"service_domain","service_group","service_name","is_clinical","is_malaria_related","include_in_analysis","country","needs_review","source_service_names"
"Clinical Services","ENT Services","Audiology and Hearing",TRUE,FALSE,TRUE,"TZA",FALSE,"Audiology and Hearing"
"Clinical Services","ENT Services","ENT Services",TRUE,FALSE,TRUE,"TZA",FALSE,"ENT Services"
"Clinical Services","ENT Services","General ENT",TRUE,FALSE,TRUE,"TZA",FALSE,"General ENT"
"Clinical Services","ENT Services","Head and Neck Surgery",TRUE,FALSE,TRUE,"TZA",FALSE,"Head and Neck Surgery"
"Clinical Services","Emergency Services","Basic Emergency Preparedness",TRUE,FALSE,TRUE,"TZA",FALSE,"Basic Emergency Preparedness"
"Clinical Services","Emergency Services","Comprehensive Emergency Preparedness",TRUE,FALSE,TRUE,"TZA",FALSE,"Comprehensive Emergency Preparedness"
"Clinical Services","Emergency Services","Emergency Care and Trauma",TRUE,FALSE,TRUE,"TZA",FALSE,"Emergency Care and Trauma"
"Clinical Services","General Clinical Services","Accidents & Emergencies",TRUE,FALSE,TRUE,"MWI",FALSE,"Accidents & Emergencies"
"Clinical Services","General Clinical Services","Amputation",TRUE,FALSE,TRUE,"MWI",FALSE,"Amputation"
"Clinical Services","General Clinical Services","Breast Cancer",TRUE,FALSE,TRUE,"TZA",FALSE,"Breast Cancer"
"Clinical Services","General Clinical Services","Cancer Treatment",TRUE,FALSE,TRUE,"MWI",FALSE,"Cancer Treatment"
"Clinical Services","General Clinical Services","Cardivascular diseases management",TRUE,FALSE,TRUE,"MWI",FALSE,"Cardivascular diseases management"
"Clinical Services","General Clinical Services","Cataract Surgery",TRUE,FALSE,TRUE,"MWI",FALSE,"Cataract Surgery"
"Clinical Services","General Clinical Services","Child care services",TRUE,FALSE,TRUE,"MWI",FALSE,"Child care services"
"Clinical Services","General Clinical Services","Chronic Respiratory diseases",TRUE,FALSE,TRUE,"MWI",FALSE,"Chronic Respiratory diseases"
"Clinical Services","General Clinical Services","Chronic Respiratory diseases management",TRUE,FALSE,TRUE,"MWI",FALSE,"Chronic Respiratory diseases management"
"Clinical Services","General Clinical Services","Cleft Lip repair",TRUE,FALSE,TRUE,"MWI",FALSE,"Cleft Lip repair"
"Clinical Services","General Clinical Services","Contacture release",TRUE,FALSE,TRUE,"MWI",FALSE,"Contacture release"
"Clinical Services","General Clinical Services","Critical care HDU",TRUE,FALSE,TRUE,"MWI",FALSE,"Critical care HDU"
"Clinical Services","General Clinical Services","Dental",TRUE,FALSE,TRUE,"MWI",FALSE,"Dental"
"Clinical Services","General Clinical Services","Dermatology (Skin)",TRUE,FALSE,TRUE,"MWI",FALSE,"Dermatology (Skin)"
"Clinical Services","General Clinical Services","Diabetes Care and Treatment",TRUE,FALSE,TRUE,"TZA",FALSE,"Diabetes Care and Treatment"
"Clinical Services","General Clinical Services","Diarrhoea diseases",TRUE,FALSE,TRUE,"MWI",FALSE,"Diarrhoea diseases"
"Clinical Services","General Clinical Services","ENT",TRUE,FALSE,TRUE,"MWI",FALSE,"ENT"
"Clinical Services","General Clinical Services","General OPD",TRUE,FALSE,TRUE,"MWI",FALSE,"General OPD"
"Clinical Services","General Clinical Services","General Ophthalmology",TRUE,FALSE,TRUE,"TZA",FALSE,"General Ophthalmology"
"Clinical Services","General Clinical Services","Hernia Repair",TRUE,FALSE,TRUE,"MWI",FALSE,"Hernia Repair"
"Clinical Services","General Clinical Services","IMCI - Integrated Management of",TRUE,FALSE,TRUE,"TZA",FALSE,"IMCI - Integrated Management of"
"Clinical Services","General Clinical Services","IMCI – Integrated Management of Child Illnesses",TRUE,FALSE,TRUE,"MWI",FALSE,"IMCI – Integrated Management of Child Illnesses"
"Clinical Services","General Clinical Services","IPD - Inpatient Services",TRUE,FALSE,TRUE,"TZA",FALSE,"IPD - Inpatient Services"
"Clinical Services","General Clinical Services","In patient services (IPD)",TRUE,FALSE,TRUE,"MWI",FALSE,"In patient services (IPD)"
"Clinical Services","General Clinical Services","Laparatomy provided",TRUE,FALSE,TRUE,"MWI",FALSE,"Laparatomy provided"
"Clinical Services","General Clinical Services","MCI-Integrated Mangement of child illiness",TRUE,FALSE,TRUE,"MWI",FALSE,"MCI-Integrated Mangement of child illiness"
"Clinical Services","General Clinical Services","Major Surgical Interventions",TRUE,FALSE,TRUE,"TZA",FALSE,"Major Surgical Interventions"
"Clinical Services","General Clinical Services","Medical Rehabilitation",TRUE,FALSE,TRUE,"MWI",FALSE,"Medical Rehabilitation"
"Clinical Services","General Clinical Services","Mental Health Services",TRUE,FALSE,TRUE,"TZA",FALSE,"Mental Health Services"
"Clinical Services","General Clinical Services","Minor Surgical Interventions",TRUE,FALSE,TRUE,"TZA",FALSE,"Minor Surgical Interventions"
"Clinical Services","General Clinical Services","NCD",TRUE,FALSE,TRUE,"MWI",FALSE,"NCD"
"Clinical Services","General Clinical Services","NCD - Other Non-Communicable Disease",TRUE,FALSE,TRUE,"TZA",FALSE,"NCD - Other Non-Communicable Disease"
"Clinical Services","General Clinical Services","Neurology",TRUE,FALSE,TRUE,"MWI",FALSE,"Neurology"
"Clinical Services","General Clinical Services","Non-Communicable Diseases",TRUE,FALSE,TRUE,"MWI",FALSE,"Non-Communicable Diseases"
"Clinical Services","General Clinical Services","Nutritional Counseling",TRUE,FALSE,TRUE,"TZA",FALSE,"Nutritional Counseling"
"Clinical Services","General Clinical Services","Nutritional Rehabilitation",TRUE,FALSE,TRUE,"TZA",FALSE,"Nutritional Rehabilitation"
"Clinical Services","General Clinical Services","OPD - Outpatient Services",TRUE,FALSE,TRUE,"TZA",FALSE,"OPD - Outpatient Services"
"Clinical Services","General Clinical Services","Ophthalmology (Eye)",TRUE,FALSE,TRUE,"MWI",FALSE,"Ophthalmology (Eye)"
"Clinical Services","General Clinical Services","Other Specialized Services",TRUE,FALSE,TRUE,"MWI",FALSE,"Other Specialized Services"
"Clinical Services","General Clinical Services","Out patient services (OPD)",TRUE,FALSE,TRUE,"MWI",FALSE,"Out patient services (OPD)"
"Clinical Services","General Clinical Services","Palliative care",TRUE,FALSE,TRUE,"MWI",FALSE,"Palliative care"
"Clinical Services","General Clinical Services","Palliative care Services",TRUE,FALSE,TRUE,"MWI",FALSE,"Palliative care Services"
"Clinical Services","General Clinical Services","Pediatric",TRUE,FALSE,TRUE,"MWI",FALSE,"Pediatric"
"Clinical Services","General Clinical Services","Physiotherapy",TRUE,FALSE,TRUE,"TZA",FALSE,"Physiotherapy"
"Clinical Services","General Clinical Services","Pneumonia Treatment",TRUE,FALSE,TRUE,"MWI",FALSE,"Pneumonia Treatment"
"Clinical Services","General Clinical Services","Pneumonia treatment",TRUE,FALSE,TRUE,"MWI",FALSE,"Pneumonia treatment"
"Clinical Services","General Clinical Services","Prostate Cancer",TRUE,FALSE,TRUE,"TZA",FALSE,"Prostate Cancer"
"Clinical Services","General Clinical Services","Prosthetics",TRUE,FALSE,TRUE,"MWI",FALSE,"Prosthetics"
"Clinical Services","General Clinical Services","Psychiatry",TRUE,FALSE,TRUE,"MWI",FALSE,"Psychiatry"
"Clinical Services","General Clinical Services","Rescucitation for adults",TRUE,FALSE,TRUE,"MWI",FALSE,"Rescucitation for adults"
"Clinical Services","General Clinical Services","Rescucitation for peadiatric patients",TRUE,FALSE,TRUE,"MWI",FALSE,"Rescucitation for peadiatric patients"
"Clinical Services","General Clinical Services","STI",TRUE,FALSE,TRUE,"MWI",FALSE,"STI"
"Clinical Services","General Clinical Services","STI diagnosis and management",TRUE,FALSE,TRUE,"MWI",FALSE,"STI diagnosis and management"
"Clinical Services","General Clinical Services","STI services",TRUE,FALSE,TRUE,"MWI",FALSE,"STI services"
"Clinical Services","General Clinical Services","Sexully Transmitted infection",TRUE,FALSE,TRUE,"MWI",FALSE,"Sexully Transmitted infection"
"Clinical Services","General Clinical Services","Skin grafting",TRUE,FALSE,TRUE,"MWI",FALSE,"Skin grafting"
"Clinical Services","General Clinical Services","Surgical Major",TRUE,FALSE,TRUE,"MWI",FALSE,"Surgical Major"
"Clinical Services","General Clinical Services","Surgical Minor",TRUE,FALSE,TRUE,"MWI",FALSE,"Surgical Minor"
"Clinical Services","General Clinical Services","Surgical Orthopedic",TRUE,FALSE,TRUE,"MWI",FALSE,"Surgical Orthopedic"
"Clinical Services","General Clinical Services","Surgical services provided",TRUE,FALSE,TRUE,"MWI",FALSE," Surgical services provided"
"Clinical Services","General Clinical Services","TB Diagnosis using clinical symptomsservices",TRUE,FALSE,TRUE,"MWI",FALSE,"TB Diagnosis using clinical symptomsservices"
"Clinical Services","General Clinical Services","TB Diagnosis/Testing",TRUE,FALSE,TRUE,"MWI",FALSE,"TB Diagnosis/Testing"
"Clinical Services","General Clinical Services","TB Patient follow up",TRUE,FALSE,TRUE,"MWI",FALSE,"TB Patient follow up"
"Clinical Services","General Clinical Services","TB Screening",TRUE,FALSE,TRUE,"MWI",FALSE,"TB Screening"
"Clinical Services","General Clinical Services","TB Treatment",TRUE,FALSE,TRUE,"MWI",FALSE,"TB Treatment"
"Clinical Services","General Clinical Services","Theatre Major",TRUE,FALSE,TRUE,"MWI",FALSE,"Theatre Major"
"Clinical Services","General Clinical Services","Theatre Minor",TRUE,FALSE,TRUE,"MWI",FALSE,"Theatre Minor"
"Clinical Services","General Clinical Services","Treatment of severe diarrhoea (IV Fluids)",TRUE,FALSE,TRUE,"MWI",FALSE,"Treatment of severe diarrhoea (IV Fluids)"
"Clinical Services","General Clinical Services","Treatment of severe pneumonia(Oxygen)",TRUE,FALSE,TRUE,"MWI",FALSE,"Treatment of severe pneumonia(Oxygen)"
"Clinical Services","General Inpatient (IPD)","IV Solutions",TRUE,FALSE,TRUE,"MWI",FALSE,"IV Solutions"
"Clinical Services","General Inpatient (IPD)","IV Treatment",TRUE,FALSE,TRUE,"MWI",FALSE,"IV Treatment"
"Clinical Services","General Inpatient (IPD)","Medical",TRUE,FALSE,TRUE,"MWI",FALSE,"Medical"
"Clinical Services","Surgical Services","Fracture",TRUE,FALSE,TRUE,"MWI",FALSE,"Fracture"
"Clinical Services","TB Services","Facility prescibes TB drugs",TRUE,FALSE,TRUE,"MWI",FALSE,"Facility prescibes TB drugs"
"Clinical Services","TB Services","Facility provides TB drugs",TRUE,FALSE,TRUE,"MWI",FALSE,"Facility provides TB drugs"
"Community & Preventive Health","Community & Preventive Health","Child immunisation",TRUE,FALSE,TRUE,"MWI",FALSE,"Child immunisation"
"Community & Preventive Health","Community & Preventive Health","Community Health Services",TRUE,FALSE,TRUE,"MWI",FALSE,"Community Health Services"
"Community & Preventive Health","Community & Preventive Health","Community management of nutrition in under-5: Vitamin A",TRUE,FALSE,TRUE,"MWI",FALSE,"Community management of nutrition in under-5: Vitamin A"
"Community & Preventive Health","Community & Preventive Health","Community management of nutrition under-5:Plumpy peanut",TRUE,FALSE,TRUE,"MWI",FALSE,"Community management of nutrition under-5:Plumpy peanut"
"Community & Preventive Health","Community & Preventive Health","Deworming",TRUE,FALSE,TRUE,"MWI",FALSE,"Deworming"
"Community & Preventive Health","Community & Preventive Health","Growth monitoring",TRUE,FALSE,TRUE,"MWI",FALSE,"Growth monitoring"
"Community & Preventive Health","Community & Preventive Health","Health Education",TRUE,FALSE,TRUE,"MWI",FALSE,"Health Education"
"Community & Preventive Health","Community & Preventive Health","Health education",TRUE,FALSE,TRUE,"MWI",FALSE,"Health education"
"Community & Preventive Health","Community & Preventive Health","Immunizations",TRUE,FALSE,TRUE,"MWI",FALSE,"Immunizations"
"Community & Preventive Health","Community & Preventive Health","Nutrition",TRUE,FALSE,TRUE,"MWI",FALSE,"Nutrition"
"Community & Preventive Health","Community & Preventive Health","Nutrition Counselling",TRUE,FALSE,TRUE,"MWI",FALSE,"Nutrition Counselling"
"Community & Preventive Health","Community & Preventive Health","Nutrition services",TRUE,FALSE,TRUE,"MWI",FALSE,"Nutrition services"
"Community & Preventive Health","Community & Preventive Health","School Health",TRUE,FALSE,TRUE,"MWI",FALSE,"School Health"
"Community & Preventive Health","Community & Preventive Health","Vitamin A supplementation in infants and children 6-59 months",TRUE,FALSE,TRUE,"MWI",FALSE,"Vitamin A supplementation in infants and children 6-59 months"
"Community & Preventive Health","Community & Preventive Health","Vitamin A supplementation in pregnat women",TRUE,FALSE,TRUE,"MWI",FALSE,"Vitamin A supplementation in pregnat women"
"Community & Preventive Health","Community & Preventive Health","Vitamin A supplimentation in infants and children",TRUE,FALSE,TRUE,"MWI",FALSE,"Vitamin A supplimentation in infants and children"
"Community & Preventive Health","Growth Monitoring & Nutrition","Community management of in under-5: Micronutrient provider",TRUE,FALSE,TRUE,"MWI",FALSE,"Community management of in under-5: Micronutrient provider"
"Community & Preventive Health","Growth Monitoring & Nutrition","Councelling",TRUE,FALSE,TRUE,"TZA",TRUE,"Councelling"
"Community & Preventive Health","Growth Monitoring & Nutrition","IMM-ADD - With Addition Vaccine",TRUE,FALSE,TRUE,"TZA",FALSE,"IMM-ADD - With Addition Vaccine"
"Community & Preventive Health","Growth Monitoring & Nutrition","IMM-BASIC - Basic Immunization",TRUE,FALSE,TRUE,"TZA",FALSE,"IMM-BASIC - Basic Immunization"
"Community & Preventive Health","Growth Monitoring & Nutrition","Management of malnutrition",TRUE,FALSE,TRUE,"MWI",FALSE,"Management of malnutrition"
"Community & Preventive Health","Growth Monitoring & Nutrition","PORT - Port Immunization Services",TRUE,FALSE,TRUE,"TZA",FALSE,"PORT - Port Immunization Services"
"Community & Preventive Health","Growth Monitoring & Nutrition","Under 5",TRUE,FALSE,TRUE,"MWI",FALSE,"Under 5"
"Community & Preventive Health","Growth Monitoring & Nutrition","Vaccination",TRUE,FALSE,TRUE,"TZA",FALSE,"Vaccination"
"Community & Preventive Health","Health Promotion and Disease Prevention","ARI",TRUE,FALSE,TRUE,"MWI",FALSE,"ARI"
"Community & Preventive Health","Health Promotion and Disease Prevention","Community Mobilization",TRUE,FALSE,TRUE,"TZA",FALSE,"Community Mobilization"
"Community & Preventive Health","Health Promotion and Disease Prevention","Epidemiological Surveillance and Response",TRUE,FALSE,TRUE,"TZA",FALSE,"Epidemiological Surveillance and Response"
"Community & Preventive Health","Health Promotion and Disease Prevention","Epidemiological Surveillance and Response Response",TRUE,FALSE,TRUE,"TZA",FALSE,"Epidemiological Surveillance and Response Response"
"Community & Preventive Health","Health Promotion and Disease Prevention","Health promoting hospital initiative",TRUE,FALSE,TRUE,"TZA",FALSE,"Health promoting hospital initiative"
"Community & Preventive Health","Health Promotion and Disease Prevention","Psychosocial Support",TRUE,FALSE,TRUE,"TZA",FALSE,"Psychosocial Support"
"Community & Preventive Health","Health Promotion and Disease Prevention","School Health Intervention",TRUE,FALSE,TRUE,"TZA",FALSE,"School Health Intervention"
"Community & Preventive Health","Immunisation/Vaccination","Measles Rubella",TRUE,FALSE,TRUE,"MWI",FALSE,"Measles Rubella"
"Diagnostic Services","Diagnostic Services","Agglutination test",TRUE,FALSE,TRUE,"MWI",FALSE,"Agglutination test"
"Diagnostic Services","Diagnostic Services","Alt testing",TRUE,FALSE,TRUE,"MWI",FALSE,"Alt testing"
"Diagnostic Services","Diagnostic Services","Blood Transfusion",TRUE,FALSE,TRUE,"MWI",FALSE," Blood Transfusion"
"Diagnostic Services","Diagnostic Services","Blood glucose test",TRUE,FALSE,TRUE,"MWI",FALSE,"Blood glucose test"
"Diagnostic Services","Diagnostic Services","Blood group serology",TRUE,FALSE,TRUE,"MWI",FALSE,"Blood group serology"
"Diagnostic Services","Diagnostic Services","Blood group testing",TRUE,FALSE,TRUE,"MWI",FALSE,"Blood group testing"
"Diagnostic Services","Diagnostic Services","Blood screened for HIV",TRUE,FALSE,TRUE,"MWI",FALSE,"Blood screened for HIV"
"Diagnostic Services","Diagnostic Services","Blood screened for Hepatitis  B",TRUE,FALSE,TRUE,"MWI",FALSE,"Blood screened for Hepatitis  B"
"Diagnostic Services","Diagnostic Services","Blood screened for Hepatitis C",TRUE,FALSE,TRUE,"MWI",FALSE,"Blood screened for Hepatitis C"
"Diagnostic Services","Diagnostic Services","Blood screened for Syphillis",TRUE,FALSE,TRUE,"MWI",FALSE,"Blood screened for Syphillis"
"Diagnostic Services","Diagnostic Services","Blood screening",TRUE,FALSE,TRUE,"MWI",FALSE,"Blood screening"
"Diagnostic Services","Diagnostic Services","Blood sugar test",TRUE,FALSE,TRUE,"MWI",FALSE,"Blood sugar test"
"Diagnostic Services","Diagnostic Services","Blood transfusion",TRUE,FALSE,TRUE,"MWI",FALSE,"Blood transfusion"
"Diagnostic Services","Diagnostic Services","CT-Scan",TRUE,FALSE,TRUE,"MWI",FALSE,"CT-Scan"
"Diagnostic Services","Diagnostic Services","Clinical Chemistry",TRUE,FALSE,TRUE,"MWI",FALSE,"Clinical Chemistry"
"Diagnostic Services","Diagnostic Services","Diagnostic testing",TRUE,FALSE,TRUE,"MWI",FALSE,"Diagnostic testing"
"Diagnostic Services","Diagnostic Services","FBC-Full blood count",TRUE,FALSE,TRUE,"MWI",FALSE,"FBC-Full blood count"
"Diagnostic Services","Diagnostic Services","Hematology",TRUE,FALSE,TRUE,"MWI",FALSE,"Hematology"
"Diagnostic Services","Diagnostic Services","Immunology and Serology",TRUE,FALSE,TRUE,"MWI",FALSE,"Immunology and Serology"
"Diagnostic Services","Diagnostic Services","Ketone test",TRUE,FALSE,TRUE,"MWI",FALSE,"Ketone test"
"Diagnostic Services","Diagnostic Services","Laboratory",TRUE,FALSE,TRUE,"MWI, TZA",FALSE,"Laboratory"
"Diagnostic Services","Diagnostic Services","Microbiology",TRUE,FALSE,TRUE,"MWI",FALSE,"Microbiology"
"Diagnostic Services","Diagnostic Services","Microscopy",TRUE,FALSE,TRUE,"MWI",FALSE,"Microscopy"
"Diagnostic Services","Diagnostic Services","Parasitology",TRUE,FALSE,TRUE,"MWI",FALSE,"Parasitology"
"Diagnostic Services","Diagnostic Services","Radiology",TRUE,FALSE,TRUE,"MWI",FALSE,"Radiology"
"Diagnostic Services","Diagnostic Services","Radiology Services",TRUE,FALSE,TRUE,"TZA",FALSE,"Radiology Services"
"Diagnostic Services","Diagnostic Services","Rapid Syphillis",TRUE,FALSE,TRUE,"MWI",FALSE,"Rapid Syphillis"
"Diagnostic Services","Diagnostic Services","Renal function test",TRUE,FALSE,TRUE,"MWI",FALSE,"Renal function test"
"Diagnostic Services","Diagnostic Services","Rhesus blood group testing",TRUE,FALSE,TRUE,"MWI",FALSE,"Rhesus blood group testing"
"Diagnostic Services","Diagnostic Services","Serum creatine test",TRUE,FALSE,TRUE,"MWI",FALSE,"Serum creatine test"
"Diagnostic Services","Diagnostic Services","Slide Microscopy",TRUE,FALSE,TRUE,"MWI",FALSE,"Slide Microscopy"
"Diagnostic Services","Diagnostic Services","Slide microscopy",TRUE,FALSE,TRUE,"MWI",FALSE,"Slide microscopy"
"Diagnostic Services","Diagnostic Services","Smear microscopy",TRUE,FALSE,TRUE,"MWI",FALSE,"Smear microscopy"
"Diagnostic Services","Diagnostic Services","Syphilis serology testing",TRUE,FALSE,TRUE,"MWI",FALSE,"Syphilis serology testing"
"Diagnostic Services","Diagnostic Services","Syphillis rpid test",TRUE,FALSE,TRUE,"MWI",FALSE,"Syphillis rpid test"
"Diagnostic Services","Diagnostic Services","Syphillis serology",TRUE,FALSE,TRUE,"MWI",FALSE,"Syphillis serology"
"Diagnostic Services","Diagnostic Services","Ultrasound",TRUE,FALSE,TRUE,"MWI",FALSE,"Ultrasound"
"Diagnostic Services","Diagnostic Services","Urine glucose test",TRUE,FALSE,TRUE,"MWI",FALSE,"Urine glucose test"
"Diagnostic Services","Diagnostic Services","Urine keton test",TRUE,FALSE,TRUE,"MWI",FALSE,"Urine keton test"
"Diagnostic Services","Diagnostic Services","Urine microscopy",TRUE,FALSE,TRUE,"MWI",FALSE,"Urine microscopy"
"Diagnostic Services","Diagnostic Services","Urine protein dip stick test",TRUE,FALSE,TRUE,"MWI",FALSE,"Urine protein dip stick test"
"Diagnostic Services","Diagnostic Services","Urine protein test",TRUE,FALSE,TRUE,"MWI",FALSE,"Urine protein test"
"Diagnostic Services","Diagnostic Services","X-Ray",TRUE,FALSE,TRUE,"MWI",FALSE,"X-Ray"
"Diagnostic Services","Diagnostic Services","X-ray",TRUE,FALSE,TRUE,"MWI",FALSE,"X-ray"
"Diagnostic Services","Diagnostic Services","Xpert-MTB/RIF",TRUE,FALSE,TRUE,"TZA",FALSE,"Xpert-MTB/RIF"
"Diagnostic Services","Diagnostic Services",NA,TRUE,FALSE,NA,"TZA",FALSE,"NA"
"Diagnostic Services","Laboratory - Clinical Chemistry","Amylase",TRUE,FALSE,TRUE,"TZA",FALSE,"Amylase"
"Diagnostic Services","Laboratory - Clinical Chemistry","Antibody identification methods",TRUE,FALSE,TRUE,"TZA",FALSE,"Antibody identification methods"
"Diagnostic Services","Laboratory - Clinical Chemistry","Blood Sugar/ Glucose Test (POCT)",TRUE,FALSE,TRUE,"TZA",FALSE,"Blood Sugar/ Glucose Test (POCT)"
"Diagnostic Services","Laboratory - Clinical Chemistry","Blood gas analysis",TRUE,FALSE,TRUE,"TZA",FALSE,"Blood gas analysis"
"Diagnostic Services","Laboratory - Clinical Chemistry","CRP (POCT)",TRUE,FALSE,TRUE,"TZA",FALSE,"CRP (POCT)"
"Diagnostic Services","Laboratory - Clinical Chemistry","Cardiac Profile Tests",TRUE,FALSE,TRUE,"TZA",FALSE,"Cardiac Profile Tests"
"Diagnostic Services","Laboratory - Clinical Chemistry","Electrolytes",TRUE,FALSE,TRUE,"TZA",FALSE,"Electrolytes"
"Diagnostic Services","Laboratory - Clinical Chemistry","Enzyme commercial kits",TRUE,FALSE,TRUE,"TZA",FALSE,"Enzyme commercial kits"
"Diagnostic Services","Laboratory - Clinical Chemistry","Glycosylated Haemoglobin",TRUE,FALSE,TRUE,"TZA",FALSE,"Glycosylated Haemoglobin"
"Diagnostic Services","Laboratory - Clinical Chemistry","Lipid Profile Test",TRUE,FALSE,TRUE,"TZA",FALSE,"Lipid Profile Test"
"Diagnostic Services","Laboratory - Clinical Chemistry","Liver Function Tests",TRUE,FALSE,TRUE,"TZA",FALSE,"Liver Function Tests"
"Diagnostic Services","Laboratory - Clinical Chemistry","Protein (Commercial kits)",TRUE,FALSE,TRUE,"TZA",FALSE,"Protein (Commercial kits)"
"Diagnostic Services","Laboratory - Clinical Chemistry","Protein (Electrophoresis)",TRUE,FALSE,TRUE,"TZA",FALSE,"Protein (Electrophoresis)"
"Diagnostic Services","Laboratory - Clinical Chemistry","Renal Function Test",TRUE,FALSE,TRUE,"TZA",FALSE,"Renal Function Test"
"Diagnostic Services","Laboratory - Clinical Chemistry","Renal Function Tests",TRUE,FALSE,TRUE,"TZA",FALSE,"Renal Function Tests"
"Diagnostic Services","Laboratory - Clinical Chemistry","UPT",TRUE,FALSE,TRUE,"TZA",FALSE,"UPT"
"Diagnostic Services","Laboratory - Clinical Chemistry","Uric acids",TRUE,FALSE,TRUE,"TZA",FALSE,"Uric acids"
"Diagnostic Services","Laboratory - Clinical Chemistry","Urine Chemistry",TRUE,FALSE,TRUE,"TZA",FALSE,"Urine Chemistry"
"Diagnostic Services","Laboratory - Haematology","Blood obtained from other sources",TRUE,FALSE,TRUE,"MWI",FALSE,"Blood obtained from other sources"
"Diagnostic Services","Laboratory - Haematology","Blood ordered from national/regional centre",TRUE,FALSE,TRUE,"MWI",FALSE,"Blood ordered from national/regional centre"
"Diagnostic Services","Laboratory - Parasitology","Blood Smear for Haemoparasites",TRUE,FALSE,TRUE,"TZA",FALSE,"Blood Smear for Haemoparasites"
"Diagnostic Services","Laboratory - Parasitology","Blood film for haemoparasites",TRUE,FALSE,TRUE,"TZA",FALSE,"Blood film for haemoparasites"
"Diagnostic Services","Laboratory - Parasitology","Formal ether concentration technique",TRUE,FALSE,TRUE,"TZA",FALSE,"Formal ether concentration technique"
"Diagnostic Services","Laboratory - Parasitology","Kato-Katz Technique",TRUE,FALSE,TRUE,"TZA",FALSE,"Kato-Katz Technique"
"Diagnostic Services","Laboratory - Parasitology","Malaria Rapid Diagnostic Test (mRDT)",TRUE,TRUE,TRUE,"TZA",FALSE,"Malaria Rapid Diagnostic Test (mRDT)"
"Diagnostic Services","Laboratory - Parasitology","Occult Blood",TRUE,FALSE,TRUE,"TZA",FALSE,"Occult Blood"
"Diagnostic Services","Laboratory - Parasitology","PCR",TRUE,FALSE,TRUE,"TZA",FALSE,"PCR"
"Diagnostic Services","Laboratory - Parasitology","Serological test",TRUE,FALSE,TRUE,"TZA",FALSE,"Serological test"
"Diagnostic Services","Laboratory - Parasitology","Skin Sip for Onchocerciasis",TRUE,FALSE,TRUE,"TZA",FALSE,"Skin Sip for Onchocerciasis"
"Diagnostic Services","Laboratory - Parasitology","Stool Analysis",TRUE,FALSE,TRUE,"TZA",FALSE,"Stool Analysis"
"Diagnostic Services","Laboratory - Parasitology","Stool Sedimentation(Cells,Ova,Cyst and",TRUE,FALSE,TRUE,"TZA",FALSE,"Stool Sedimentation(Cells,Ova,Cyst and"
"Diagnostic Services","Laboratory - Parasitology","Stool concentration (formal ether)",TRUE,FALSE,TRUE,"TZA",FALSE,"Stool concentration (formal ether)"
"Diagnostic Services","Laboratory - Parasitology","Urine Analysis",TRUE,FALSE,TRUE,"TZA",FALSE,"Urine Analysis"
"Diagnostic Services","Laboratory - Parasitology","Urine sedimentation",TRUE,FALSE,TRUE,"TZA",FALSE,"Urine sedimentation"
"Diagnostic Services","Laboratory - Serology","Ant Streptolysin O Titre (ASOT)",TRUE,FALSE,TRUE,"TZA",FALSE,"Ant Streptolysin O Titre (ASOT)"
"Diagnostic Services","Laboratory - Serology","Brucella Weil’s test",TRUE,FALSE,TRUE,"TZA",FALSE,"Brucella Weil’s test"
"Diagnostic Services","Laboratory - Serology","Chlamydia",TRUE,FALSE,TRUE,"TZA",FALSE,"Chlamydia"
"Diagnostic Services","Laboratory - Serology","Cryptococcal Antigen Test",TRUE,FALSE,TRUE,"TZA",FALSE,"Cryptococcal Antigen Test"
"Diagnostic Services","Laboratory - Serology","DBS for HEID",TRUE,FALSE,TRUE,"TZA",FALSE,"DBS for HEID"
"Diagnostic Services","Laboratory - Serology","Dengue Haemorrhagic fever",TRUE,FALSE,TRUE,"TZA",FALSE,"Dengue Haemorrhagic fever"
"Diagnostic Services","Laboratory - Serology","HIV Rapid Test",TRUE,FALSE,TRUE,"TZA",FALSE,"HIV Rapid Test"
"Diagnostic Services","Laboratory - Serology","HIV Viral Load",TRUE,FALSE,TRUE,"TZA",FALSE,"HIV Viral Load"
"Diagnostic Services","Laboratory - Serology","Helicobacter pylori",TRUE,FALSE,TRUE,"TZA",FALSE,"Helicobacter pylori"
"Diagnostic Services","Laboratory - Serology","Hepatitis B Surface Antigen Rapid Test",TRUE,FALSE,TRUE,"TZA",FALSE,"Hepatitis B Surface Antigen Rapid Test"
"Diagnostic Services","Laboratory - Serology","Hepatitis B and C Screening",TRUE,FALSE,TRUE,"TZA",FALSE,"Hepatitis B and C Screening"
"Diagnostic Services","Laboratory - Serology","Hepatitis C Surface Antigen Rapid Test",TRUE,FALSE,TRUE,"TZA",FALSE,"Hepatitis C Surface Antigen Rapid Test"
"Diagnostic Services","Laboratory - Serology","Hormonal Tests",TRUE,FALSE,TRUE,"TZA",FALSE,"Hormonal Tests"
"Diagnostic Services","Laboratory - Serology","Human Papiloma Virus",TRUE,FALSE,TRUE,"TZA",FALSE,"Human Papiloma Virus"
"Diagnostic Services","Laboratory - Serology","Human papilloma virus",TRUE,FALSE,TRUE,"TZA",FALSE,"Human papilloma virus"
"Diagnostic Services","Laboratory - Serology","Prostate Specific Antigen (PSA)",TRUE,FALSE,TRUE,"TZA",FALSE,"Prostate Specific Antigen (PSA)"
"Diagnostic Services","Laboratory - Serology","RPR/ VDRL Rapid Test",TRUE,FALSE,TRUE,"TZA",FALSE,"RPR/ VDRL Rapid Test"
"Diagnostic Services","Laboratory - Serology","Rapid Tests",TRUE,FALSE,TRUE,"TZA",FALSE,"Rapid Tests"
"Diagnostic Services","Laboratory - Serology","Rheumatoid Test",TRUE,FALSE,TRUE,"TZA",FALSE,"Rheumatoid Test"
"Diagnostic Services","Laboratory - Serology","Sickle Cell Screening Test",TRUE,FALSE,TRUE,"TZA",FALSE,"Sickle Cell Screening Test"
"Diagnostic Services","Laboratory - Serology","Syphilis (TPHA/TPPA) test",TRUE,FALSE,TRUE,"TZA",FALSE,"Syphilis (TPHA/TPPA) test"
"Diagnostic Services","Laboratory - Serology","Syphillis antibody (Commercial kits)",TRUE,FALSE,TRUE,"TZA",FALSE,"Syphillis antibody (Commercial kits)"
"Diagnostic Services","Laboratory - Serology","Tumor Markers",TRUE,FALSE,TRUE,"TZA",FALSE,"Tumor Markers"
"Diagnostic Services","Laboratory - Serology","Widal test",TRUE,FALSE,TRUE,"TZA",FALSE,"Widal test"
"Diagnostic Services","Radiology Services","Bone Densitometry (DEXA)",TRUE,FALSE,TRUE,"TZA",FALSE,"Bone Densitometry (DEXA)"
"Diagnostic Services","Radiology Services","CT Scan",TRUE,FALSE,TRUE,"TZA",FALSE,"CT Scan"
"Diagnostic Services","Radiology Services","Dental services",TRUE,FALSE,TRUE,"TZA",FALSE,"Dental services"
"Diagnostic Services","Radiology Services","Fluoroscopy services",TRUE,FALSE,TRUE,"TZA",FALSE,"Fluoroscopy services"
"Diagnostic Services","Radiology Services","General radiography services",TRUE,FALSE,TRUE,"TZA",FALSE,"General radiography services"
"Diagnostic Services","Radiology Services","Interventional radiology",TRUE,FALSE,TRUE,"TZA",FALSE,"Interventional radiology"
"Diagnostic Services","Radiology Services","Magnetic Resonance Imaging (MRI)",TRUE,FALSE,TRUE,"TZA",FALSE,"Magnetic Resonance Imaging (MRI)"
"Diagnostic Services","Radiology Services","Mammography",TRUE,FALSE,TRUE,"TZA",FALSE,"Mammography"
"Diagnostic Services","Radiology Services","Nuclear Medicine Services",TRUE,FALSE,TRUE,"TZA",FALSE,"Nuclear Medicine Services"
"Diagnostic Services","Radiology Services","Radiotherapy services",TRUE,FALSE,TRUE,"TZA",FALSE,"Radiotherapy services"
"Diagnostic Services","Radiology Services","Theatre radiography",TRUE,FALSE,TRUE,"TZA",FALSE,"Theatre radiography"
"Diagnostic Services","Radiology Services","Ultrasound",TRUE,FALSE,TRUE,"TZA",FALSE,"Ultrasound"
"Diagnostic Services","Radiology Services","X-Ray",TRUE,FALSE,TRUE,"TZA",FALSE,"X-Ray"
"Diagnostic Services","Radiology Services",NA,TRUE,FALSE,NA,"TZA",FALSE,"NA"
"Diagnostic Services","TB Diagnostics","Xpert",TRUE,FALSE,TRUE,"MWI",FALSE,"Xpert"
"HIV/AIDS Services","HIV Testing & Counselling","DBS",TRUE,FALSE,TRUE,"MWI",FALSE,"DBS"
"HIV/AIDS Services","HIV Testing & Counselling","HIV and TB screening",TRUE,FALSE,TRUE,"MWI",FALSE,"HIV and TB screening"
"HIV/AIDS Services","HIV Testing & Counselling","ST Treatment",TRUE,FALSE,TRUE,"MWI",FALSE,"ST Treatment"
"HIV/AIDS Services","HIV/AIDS Care and Treatment","Adult ART - Adult ART Only",TRUE,FALSE,TRUE,"TZA",FALSE,"Adult ART - Adult ART Only"
"HIV/AIDS Services","HIV/AIDS Care and Treatment","Both Adult and Pediatric",TRUE,FALSE,TRUE,"TZA",FALSE,"Both Adult and Pediatric"
"HIV/AIDS Services","HIV/AIDS Care and Treatment","HBC - Home and Community Based Care",TRUE,FALSE,TRUE,"TZA",FALSE,"HBC - Home and Community Based Care"
"HIV/AIDS Services","HIV/AIDS Care and Treatment","HIV/AIDS Care and Treatment",TRUE,FALSE,TRUE,"TZA",FALSE,"HIV/AIDS Care and Treatment"
"HIV/AIDS Services","HIV/AIDS Care and Treatment","Ped ART - Pediatric ART Only",TRUE,FALSE,TRUE,"TZA",FALSE,"Ped ART - Pediatric ART Only"
"HIV/AIDS Services","HIV/AIDS Care and Treatment",NA,TRUE,FALSE,NA,"TZA",FALSE,"NA"
"HIV/AIDS Services","HIV/AIDS Prevention","DCT - Diagnostic Counseling and Testing",TRUE,FALSE,TRUE,"TZA",FALSE,"DCT - Diagnostic Counseling and Testing"
"HIV/AIDS Services","HIV/AIDS Prevention","EID - Early Infant Diagnosis",TRUE,FALSE,TRUE,"TZA",FALSE,"EID - Early Infant Diagnosis"
"HIV/AIDS Services","HIV/AIDS Prevention","EIMC - Early Infant Male Circumcision",TRUE,FALSE,TRUE,"TZA",FALSE,"EIMC - Early Infant Male Circumcision"
"HIV/AIDS Services","HIV/AIDS Prevention","PEP - Post Exposure Prophylaxis",TRUE,FALSE,TRUE,"TZA",FALSE,"PEP - Post Exposure Prophylaxis"
"HIV/AIDS Services","HIV/AIDS Prevention","PITC - Provider Initiated Testing And",TRUE,FALSE,TRUE,"TZA",FALSE,"PITC - Provider Initiated Testing And"
"HIV/AIDS Services","HIV/AIDS Prevention","PMTCT - ANC (ANC PMTCT)",TRUE,FALSE,TRUE,"TZA",FALSE,"PMTCT - ANC (ANC PMTCT)"
"HIV/AIDS Services","HIV/AIDS Prevention","PMTCT - Maternity (MAT PMTCT)",TRUE,FALSE,TRUE,"TZA",FALSE,"PMTCT - Maternity (MAT PMTCT)"
"HIV/AIDS Services","HIV/AIDS Prevention","PREP – Pre Exposure Prophylaxis",TRUE,FALSE,TRUE,"TZA",FALSE,"PREP – Pre Exposure Prophylaxis"
"HIV/AIDS Services","HIV/AIDS Prevention","STI - Management of Sexually Transmitted",TRUE,FALSE,TRUE,"TZA",FALSE,"STI - Management of Sexually Transmitted"
"HIV/AIDS Services","HIV/AIDS Prevention","VCT - Voluntary Counseling and Testing",TRUE,FALSE,TRUE,"TZA",FALSE,"VCT - Voluntary Counseling and Testing"
"HIV/AIDS Services","HIV/AIDS Prevention","VMMC - Voluntary Medical Male",TRUE,FALSE,TRUE,"TZA",FALSE,"VMMC - Voluntary Medical Male"
"HIV/AIDS Services","HIV/AIDS Services","ART",TRUE,FALSE,TRUE,"MWI",FALSE,"ART"
"HIV/AIDS Services","HIV/AIDS Services","ART Pescriptions",TRUE,FALSE,TRUE,"MWI",FALSE,"ART Pescriptions"
"HIV/AIDS Services","HIV/AIDS Services","ART follow up",TRUE,FALSE,TRUE,"MWI",FALSE,"ART follow up"
"HIV/AIDS Services","HIV/AIDS Services","ART for Pregnant women",TRUE,FALSE,TRUE,"MWI",FALSE,"ART for Pregnant women"
"HIV/AIDS Services","HIV/AIDS Services","ART providers",TRUE,FALSE,TRUE,"MWI",FALSE,"ART providers"
"HIV/AIDS Services","HIV/AIDS Services","ART services",TRUE,FALSE,TRUE,"MWI",FALSE,"ART services"
"HIV/AIDS Services","HIV/AIDS Services","Elisa-HIV antibody test",TRUE,FALSE,TRUE,"MWI",FALSE,"Elisa-HIV antibody test"
"HIV/AIDS Services","HIV/AIDS Services","Functional CD4 count",TRUE,FALSE,TRUE,"MWI",FALSE,"Functional CD4 count"
"HIV/AIDS Services","HIV/AIDS Services","HIV Testing",TRUE,FALSE,TRUE,"MWI",FALSE,"HIV Testing"
"HIV/AIDS Services","HIV/AIDS Services","HIV and AIDS Treatment",TRUE,FALSE,TRUE,"MWI",FALSE,"HIV and AIDS Treatment"
"HIV/AIDS Services","HIV/AIDS Services","HIV test",TRUE,FALSE,TRUE,"MWI",FALSE,"HIV test"
"HIV/AIDS Services","HIV/AIDS Services","HTC for minor adolescents",TRUE,FALSE,TRUE,"MWI",FALSE,"HTC for minor adolescents"
"HIV/AIDS Services","HIV/AIDS Services","HTC room",TRUE,FALSE,TRUE,"MWI",FALSE,"HTC room"
"HIV/AIDS Services","HIV/AIDS Services","HTS",TRUE,FALSE,TRUE,"MWI",FALSE,"HTS"
"HIV/AIDS Services","HIV/AIDS Services","Molecular biological technique for HIV Viral load",TRUE,FALSE,TRUE,"MWI",FALSE,"Molecular biological technique for HIV Viral load"
"HIV/AIDS Services","HIV/AIDS Services","PMTCT guideines",TRUE,FALSE,TRUE,"MWI",FALSE,"PMTCT guideines"
"HIV/AIDS Services","HIV/AIDS Services","PMTCT room",TRUE,FALSE,TRUE,"MWI",FALSE,"PMTCT room"
"HIV/AIDS Services","HIV/AIDS Services","Paediatric-HIV servies",TRUE,FALSE,TRUE,"MWI",FALSE,"Paediatric-HIV servies"
"HIV/AIDS Services","HIV/AIDS Services","PrepP-Pre exposure prophylaxis",TRUE,FALSE,TRUE,"MWI",FALSE,"PrepP-Pre exposure prophylaxis"
"HIV/AIDS Services","HIV/AIDS Services","Prevention of Mother to Child Transmission of HIV (PMTCT)",TRUE,FALSE,TRUE,"MWI",FALSE,"Prevention of Mother to Child Transmission of HIV (PMTCT)"
"HIV/AIDS Services","HIV/AIDS Services","Rapid HIV Testing",TRUE,FALSE,TRUE,"MWI",FALSE,"Rapid HIV Testing"
"HIV/AIDS Services","HIV/AIDS Services","Treatment for Opportunistic infections",TRUE,FALSE,TRUE,"MWI",FALSE,"Treatment for Opportunistic infections"
"Malaria Services","Malaria Diagnosis and Treatment","First Line Treatment",TRUE,TRUE,TRUE,"TZA",FALSE,"First Line Treatment"
"Malaria Services","Malaria Diagnosis and Treatment","First Line Uncomplicated Treatment",TRUE,TRUE,TRUE,"MWI",FALSE,"First Line Uncomplicated Treatment"
"Malaria Services","Malaria Diagnosis and Treatment","ITN Distribution",TRUE,TRUE,TRUE,"MWI",FALSE,"ITN Distribution"
"Malaria Services","Malaria Diagnosis and Treatment","MRDT available",TRUE,TRUE,TRUE,"MWI",FALSE,"MRDT available"
"Malaria Services","Malaria Diagnosis and Treatment","Malaria Diagnosis and Treatment",TRUE,TRUE,TRUE,"MWI",FALSE,"Malaria Diagnosis and Treatment"
"Malaria Services","Malaria Diagnosis and Treatment","Malaria Treatment",TRUE,TRUE,TRUE,"MWI",FALSE,"Malaria Treatment"
"Malaria Services","Malaria Diagnosis and Treatment","Malaria diagnosis",TRUE,TRUE,TRUE,"MWI",FALSE,"Malaria diagnosis"
"Malaria Services","Malaria Diagnosis and Treatment","Malaria diagnosis through symptoms",TRUE,TRUE,TRUE,"MWI",FALSE,"Malaria diagnosis through symptoms"
"Malaria Services","Malaria Diagnosis and Treatment","Malaria facility offer diagnosis and malaria treatment",TRUE,TRUE,TRUE,"MWI",FALSE," Malaria facility offer diagnosis and malaria treatment"
"Malaria Services","Malaria Diagnosis and Treatment","Malaria rapid diagnostic test (MRDT)",TRUE,TRUE,TRUE,"MWI",FALSE,"Malaria rapid diagnostic test (MRDT)"
"Malaria Services","Malaria Diagnosis and Treatment","Malaria rapid test",TRUE,TRUE,TRUE,"MWI",FALSE,"Malaria rapid test"
"Malaria Services","Malaria Diagnosis and Treatment","RDTS",TRUE,TRUE,TRUE,"MWI",FALSE,"RDTS"
"Malaria Services","Malaria Diagnosis and Treatment","RDTs for under-5",TRUE,TRUE,TRUE,"MWI",FALSE,"RDTs for under-5"
"Malaria Services","Malaria Diagnosis and Treatment","Rapid Diagnostic Test (MRDT)",TRUE,TRUE,TRUE,"MWI",FALSE,"Rapid Diagnostic Test (MRDT)"
"Malaria Services","Malaria Diagnosis and Treatment","Slide Microscopy",TRUE,TRUE,TRUE,"TZA",FALSE,"Slide Microscopy"
"Malaria Services","Malaria Diagnosis and Treatment","Treatment of Complicated Malaria",TRUE,TRUE,TRUE,"MWI, TZA",FALSE,"Treatment of Complicated Malaria"
"Malaria Services","Malaria Diagnosis and Treatment","mRDT - Rapid Diagnostic Tests",TRUE,TRUE,TRUE,"TZA",FALSE,"mRDT - Rapid Diagnostic Tests"
"Reproductive & Maternal Health","Family Planning","Family planning  counselling to HIV positve pregnant women",TRUE,FALSE,TRUE,"MWI",FALSE,"Family planning  counselling to HIV positve pregnant women"
"Reproductive & Maternal Health","Family Planning","Family planning for HIV clients",TRUE,FALSE,TRUE,"MWI",FALSE,"Family planning for HIV clients"
"Reproductive & Maternal Health","Family Planning","Family planning services for un married persons",TRUE,FALSE,TRUE,"MWI",FALSE,"Family planning services for un married persons"
"Reproductive & Maternal Health","Family Planning","Injectable",TRUE,FALSE,TRUE,"MWI",FALSE,"Injectable"
"Reproductive & Maternal Health","Reproductive & Maternal Health Services","Active management of third stage of labor",TRUE,FALSE,TRUE,"MWI",FALSE,"Active management of third stage of labor"
"Reproductive & Maternal Health","Reproductive & Maternal Health Services","Adolescent Reproductive Health Services",TRUE,FALSE,TRUE,"TZA",FALSE,"Adolescent Reproductive Health Services"
"Reproductive & Maternal Health","Reproductive & Maternal Health Services","Ante-natal Services",TRUE,FALSE,TRUE,"MWI",FALSE,"Ante-natal Services"
"Reproductive & Maternal Health","Reproductive & Maternal Health Services","Antenatal Care",TRUE,FALSE,TRUE,"TZA",FALSE,"Antenatal Care"
"Reproductive & Maternal Health","Reproductive & Maternal Health Services","Assisted vaginal",TRUE,FALSE,TRUE,"MWI",FALSE,"Assisted vaginal"
"Reproductive & Maternal Health","Reproductive & Maternal Health Services","Breastfeeding/feeding options Counselling",TRUE,FALSE,TRUE,"MWI",FALSE,"Breastfeeding/feeding options Counselling"
"Reproductive & Maternal Health","Reproductive & Maternal Health Services","CEmOC - Comprehensive Emergency",TRUE,FALSE,TRUE,"TZA",FALSE,"CEmOC - Comprehensive Emergency"
"Reproductive & Maternal Health","Reproductive & Maternal Health Services","Caesarian section",TRUE,FALSE,TRUE,"MWI",FALSE,"Caesarian section"
"Reproductive & Maternal Health","Reproductive & Maternal Health Services","Ceasarian section",TRUE,FALSE,TRUE,"MWI",FALSE,"Ceasarian section"
"Reproductive & Maternal Health","Reproductive & Maternal Health Services","Cervical Cancer",TRUE,FALSE,TRUE,"TZA",FALSE,"Cervical Cancer"
"Reproductive & Maternal Health","Reproductive & Maternal Health Services","Cervical cancer Diagnosis",TRUE,FALSE,TRUE,"MWI",FALSE,"Cervical cancer Diagnosis"
"Reproductive & Maternal Health","Reproductive & Maternal Health Services","Delivery Services",TRUE,FALSE,TRUE,"MWI",FALSE,"Delivery Services"
"Reproductive & Maternal Health","Reproductive & Maternal Health Services","Emergencey Ceasarian Section",TRUE,FALSE,TRUE,"MWI",FALSE,"Emergencey Ceasarian Section"
"Reproductive & Maternal Health","Reproductive & Maternal Health Services","Emergency Contraception",TRUE,FALSE,TRUE,"MWI, TZA",FALSE,"Emergency Contraception"
"Reproductive & Maternal Health","Reproductive & Maternal Health Services","Emergency Contraceptives",TRUE,FALSE,TRUE,"MWI",FALSE,"Emergency Contraceptives"
"Reproductive & Maternal Health","Reproductive & Maternal Health Services","FP-INV – Invasive Method",TRUE,FALSE,TRUE,"TZA",FALSE,"FP-INV – Invasive Method"
"Reproductive & Maternal Health","Reproductive & Maternal Health Services","FP-NONINV - Noninvasive Method",TRUE,FALSE,TRUE,"TZA",FALSE,"FP-NONINV - Noninvasive Method"
"Reproductive & Maternal Health","Reproductive & Maternal Health Services","Family Health",TRUE,FALSE,TRUE,"MWI",FALSE,"Family Health"
"Reproductive & Maternal Health","Reproductive & Maternal Health Services","Family Planning",TRUE,FALSE,TRUE,"TZA",FALSE,"Family Planning"
"Reproductive & Maternal Health","Reproductive & Maternal Health Services","Family planning",TRUE,FALSE,TRUE,"MWI",FALSE,"Family planning"
"Reproductive & Maternal Health","Reproductive & Maternal Health Services","Female Sterilisation",TRUE,FALSE,TRUE,"MWI",FALSE,"Female Sterilisation"
"Reproductive & Maternal Health","Reproductive & Maternal Health Services","GBV PEP",TRUE,FALSE,TRUE,"TZA",FALSE,"GBV PEP"
"Reproductive & Maternal Health","Reproductive & Maternal Health Services","GBV Trauma Counseling",TRUE,FALSE,TRUE,"TZA",FALSE,"GBV Trauma Counseling"
"Reproductive & Maternal Health","Reproductive & Maternal Health Services","HIV Counselling for Pregnant women",TRUE,FALSE,TRUE,"MWI",FALSE,"HIV Counselling for Pregnant women"
"Reproductive & Maternal Health","Reproductive & Maternal Health Services","Male Sterilisation",TRUE,FALSE,TRUE,"MWI",FALSE,"Male Sterilisation"
"Reproductive & Maternal Health","Reproductive & Maternal Health Services","Management of High Blood Pressure in Pregnant women",TRUE,FALSE,TRUE,"MWI",FALSE,"Management of High Blood Pressure in Pregnant women"
"Reproductive & Maternal Health","Reproductive & Maternal Health Services","Management of Hypertensive Pregnancies",TRUE,FALSE,TRUE,"TZA",FALSE,"Management of Hypertensive Pregnancies"
"Reproductive & Maternal Health","Reproductive & Maternal Health Services","Management of severe malnutrition (children)",TRUE,FALSE,TRUE,"MWI",FALSE,"Management of severe malnutrition (children)"
"Reproductive & Maternal Health","Reproductive & Maternal Health Services","Manual removal of placenta",TRUE,FALSE,TRUE,"MWI",FALSE,"Manual removal of placenta"
"Reproductive & Maternal Health","Reproductive & Maternal Health Services","Maternal & Child Health",TRUE,FALSE,TRUE,"MWI",FALSE,"Maternal & Child Health"
"Reproductive & Maternal Health","Reproductive & Maternal Health Services","Maternal and Newborn Care",TRUE,FALSE,TRUE,"TZA",FALSE,"Maternal and Newborn Care"
"Reproductive & Maternal Health","Reproductive & Maternal Health Services","Maternity",TRUE,FALSE,TRUE,"MWI",FALSE,"Maternity"
"Reproductive & Maternal Health","Reproductive & Maternal Health Services","Neonatal",TRUE,FALSE,TRUE,"MWI",FALSE,"Neonatal"
"Reproductive & Maternal Health","Reproductive & Maternal Health Services","Neonatal Rescucitation",TRUE,FALSE,TRUE,"MWI",FALSE,"Neonatal Rescucitation"
"Reproductive & Maternal Health","Reproductive & Maternal Health Services","Neonatal resuscitation (institutional)",TRUE,FALSE,TRUE,"MWI",FALSE,"Neonatal resuscitation (institutional)"
"Reproductive & Maternal Health","Reproductive & Maternal Health Services","Neonatal surgery",TRUE,FALSE,TRUE,"MWI",FALSE,"Neonatal surgery"
"Reproductive & Maternal Health","Reproductive & Maternal Health Services","New born rescucitation",TRUE,FALSE,TRUE,"MWI",FALSE,"New born rescucitation"
"Reproductive & Maternal Health","Reproductive & Maternal Health Services","Obs & Gynae",TRUE,FALSE,TRUE,"MWI",FALSE,"Obs & Gynae"
"Reproductive & Maternal Health","Reproductive & Maternal Health Services","Obstetric Referrals",TRUE,FALSE,TRUE,"MWI",FALSE,"Obstetric Referrals"
"Reproductive & Maternal Health","Reproductive & Maternal Health Services","Obstetric care medicines",TRUE,FALSE,TRUE,"MWI",FALSE,"Obstetric care medicines"
"Reproductive & Maternal Health","Reproductive & Maternal Health Services","Post-Abortion Care",TRUE,FALSE,TRUE,"TZA",FALSE,"Post-Abortion Care"
"Reproductive & Maternal Health","Reproductive & Maternal Health Services","Post-natal consultation",TRUE,FALSE,TRUE,"MWI",FALSE,"Post-natal consultation"
"Reproductive & Maternal Health","Reproductive & Maternal Health Services","Postnatal Care",TRUE,FALSE,TRUE,"TZA",FALSE,"Postnatal Care"
"Reproductive & Maternal Health","Reproductive & Maternal Health Services","Postnatal services",TRUE,FALSE,TRUE,"MWI",FALSE,"Postnatal services"
"Reproductive & Maternal Health","Reproductive & Maternal Health Services","Pregnancy test",TRUE,FALSE,TRUE,"MWI",FALSE,"Pregnancy test"
"Reproductive & Maternal Health","Reproductive & Maternal Health Services","Removal of concetpion products",TRUE,FALSE,TRUE,"MWI",FALSE,"Removal of concetpion products"
"Reproductive & Maternal Health","Reproductive & Maternal Health Services","Reproductive Cancer Screening and",TRUE,FALSE,TRUE,"TZA",FALSE,"Reproductive Cancer Screening and"
"Reproductive & Maternal Health","Reproductive & Maternal Health Services","Time sexual intercourse",TRUE,FALSE,TRUE,"TZA",TRUE,"Time sexual intercourse"
"Reproductive & Maternal Health","Reproductive & Maternal Health Services","Urine rapid test for pregnancy",TRUE,FALSE,TRUE,"MWI",FALSE,"Urine rapid test for pregnancy"
"Reproductive & Maternal Health","Reproductive & Maternal Health Services","VAC PEP",TRUE,FALSE,TRUE,"TZA",FALSE,"VAC PEP"
"Reproductive & Maternal Health","Reproductive & Maternal Health Services","VAC Trauma Counseling",TRUE,FALSE,TRUE,"TZA",FALSE,"VAC Trauma Counseling"
"Support Services","Commodities and Supplies","ARV Prophylaxis",FALSE,FALSE,FALSE,"MWI",FALSE,"ARV Prophylaxis"
"Support Services","Commodities and Supplies","ARV prohpylaxis  for newborn",FALSE,FALSE,FALSE,"MWI",FALSE,"ARV prohpylaxis  for newborn"
"Support Services","Commodities and Supplies","Adult less than 36 kg",FALSE,FALSE,FALSE,"MWI",FALSE,"Adult less than 36 kg"
"Support Services","Commodities and Supplies","Adult more than 36 kg",FALSE,FALSE,FALSE,"MWI",FALSE,"Adult more than 36 kg"
"Support Services","Commodities and Supplies","Adult, Injectable Artesunate",FALSE,FALSE,FALSE,"MWI",FALSE,"Adult, Injectable Artesunate"
"Support Services","Commodities and Supplies","Amoxixillin Treatment",FALSE,FALSE,FALSE,"MWI",FALSE,"Amoxixillin Treatment"
"Support Services","Commodities and Supplies","Ampicilin",FALSE,FALSE,FALSE,"MWI",FALSE,"Ampicilin"
"Support Services","Commodities and Supplies","Antibiotics",FALSE,FALSE,FALSE,"MWI",FALSE,"Antibiotics"
"Support Services","Commodities and Supplies","Azithromycin",FALSE,FALSE,FALSE,"MWI",FALSE,"Azithromycin"
"Support Services","Commodities and Supplies","BCG vaccine",FALSE,FALSE,FALSE,"MWI",FALSE,"BCG vaccine"
"Support Services","Commodities and Supplies","BCG vaccine diluent",FALSE,FALSE,FALSE,"MWI",FALSE,"BCG vaccine diluent"
"Support Services","Commodities and Supplies","Benzathine/Benzylpenicin",FALSE,FALSE,FALSE,"MWI",FALSE,"Benzathine/Benzylpenicin"
"Support Services","Commodities and Supplies","Betamethasone injectable",FALSE,FALSE,FALSE,"MWI",FALSE,"Betamethasone injectable"
"Support Services","Commodities and Supplies","Calcium gluconate",FALSE,FALSE,FALSE,"MWI",FALSE,"Calcium gluconate"
"Support Services","Commodities and Supplies","Cefixime",FALSE,FALSE,FALSE,"MWI",FALSE,"Cefixime"
"Support Services","Commodities and Supplies","Children less than 15 kg",FALSE,FALSE,FALSE,"MWI",FALSE,"Children less than 15 kg"
"Support Services","Commodities and Supplies","Children more than 15 kg",FALSE,FALSE,FALSE,"MWI",FALSE,"Children more than 15 kg"
"Support Services","Commodities and Supplies","Children, Injectable Artesunate",FALSE,FALSE,FALSE,"MWI",FALSE,"Children, Injectable Artesunate"
"Support Services","Commodities and Supplies","Chlorhexidine",FALSE,FALSE,FALSE,"MWI",FALSE,"Chlorhexidine"
"Support Services","Commodities and Supplies","Condoms",FALSE,FALSE,FALSE,"MWI",FALSE,"Condoms"
"Support Services","Commodities and Supplies","Cycle Beads",FALSE,FALSE,FALSE,"MWI",FALSE,"Cycle Beads"
"Support Services","Commodities and Supplies","DPT Vaccine",FALSE,FALSE,FALSE,"MWI",FALSE,"DPT Vaccine"
"Support Services","Commodities and Supplies","DPT-Hib + Hep B/Pentavalet vaccine",FALSE,FALSE,FALSE,"MWI",FALSE,"DPT-Hib + Hep B/Pentavalet vaccine"
"Support Services","Commodities and Supplies","Depoprovera",FALSE,FALSE,FALSE,"MWI",FALSE,"Depoprovera"
"Support Services","Commodities and Supplies","Dexamethasone injectable",FALSE,FALSE,FALSE,"MWI",FALSE,"Dexamethasone injectable"
"Support Services","Commodities and Supplies","Eye ointment",FALSE,FALSE,FALSE,"MWI",FALSE,"Eye ointment"
"Support Services","Commodities and Supplies","Fansidar for malaria prevention (IPT)",FALSE,TRUE,FALSE,"MWI",FALSE,"Fansidar for malaria prevention (IPT)"
"Support Services","Commodities and Supplies","Female condoms",FALSE,FALSE,FALSE,"MWI",FALSE,"Female condoms"
"Support Services","Commodities and Supplies","Folic acid supplimentation",FALSE,FALSE,FALSE,"MWI",FALSE,"Folic acid supplimentation"
"Support Services","Commodities and Supplies","Fortified Protein supplimentation",FALSE,FALSE,FALSE,"MWI",FALSE,"Fortified Protein supplimentation"
"Support Services","Commodities and Supplies","Gentamycin 10mg",FALSE,FALSE,FALSE,"MWI",FALSE,"Gentamycin 10mg"
"Support Services","Commodities and Supplies","Gentamycin injectable 20mg",FALSE,FALSE,FALSE,"MWI",FALSE,"Gentamycin injectable 20mg"
"Support Services","Commodities and Supplies","Gentamycin injectable 40mg",FALSE,FALSE,FALSE,"MWI",FALSE,"Gentamycin injectable 40mg"
"Support Services","Commodities and Supplies","Hydralazine",FALSE,FALSE,FALSE,"MWI",FALSE,"Hydralazine"
"Support Services","Commodities and Supplies","Implant",FALSE,FALSE,FALSE,"MWI",FALSE,"Implant"
"Support Services","Commodities and Supplies","Implants",FALSE,FALSE,FALSE,"MWI",FALSE,"Implants"
"Support Services","Commodities and Supplies","Inhalers",FALSE,FALSE,FALSE,"MWI",FALSE,"Inhalers"
"Support Services","Commodities and Supplies","Injectable Contraceptive",FALSE,FALSE,FALSE,"MWI",FALSE,"Injectable Contraceptive"
"Support Services","Commodities and Supplies","Intrauterine Device (IUCD)",FALSE,FALSE,FALSE,"MWI",FALSE,"Intrauterine Device (IUCD)"
"Support Services","Commodities and Supplies","Intrauterine Device (IUD)",FALSE,FALSE,FALSE,"MWI",FALSE,"Intrauterine Device (IUD)"
"Support Services","Commodities and Supplies","Iron Suppliment",FALSE,FALSE,FALSE,"MWI",FALSE,"Iron Suppliment"
"Support Services","Commodities and Supplies","Iron Supplimentation",FALSE,FALSE,FALSE,"MWI",FALSE,"Iron Supplimentation"
"Support Services","Commodities and Supplies","Levonorgestrel",FALSE,FALSE,FALSE,"MWI",FALSE,"Levonorgestrel"
"Support Services","Commodities and Supplies","Magnesium Sulphate",FALSE,FALSE,FALSE,"MWI",FALSE,"Magnesium Sulphate"
"Support Services","Commodities and Supplies","Magnesium sulphate",FALSE,FALSE,FALSE,"MWI",FALSE,"Magnesium sulphate"
"Support Services","Commodities and Supplies","Male condoms",FALSE,FALSE,FALSE,"MWI",FALSE,"Male condoms"
"Support Services","Commodities and Supplies","Measles vaccine",FALSE,FALSE,FALSE,"MWI",FALSE,"Measles vaccine"
"Support Services","Commodities and Supplies","Methyldopa",FALSE,FALSE,FALSE,"MWI",FALSE,"Methyldopa"
"Support Services","Commodities and Supplies","Metronidazole",FALSE,FALSE,FALSE,"MWI",FALSE,"Metronidazole"
"Support Services","Commodities and Supplies","Misoprostol",FALSE,FALSE,FALSE,"MWI",FALSE,"Misoprostol"
"Support Services","Commodities and Supplies","Nifedipe",FALSE,FALSE,FALSE,"MWI",FALSE,"Nifedipe"
"Support Services","Commodities and Supplies","ORS",FALSE,FALSE,FALSE,"MWI",FALSE,"ORS"
"Support Services","Commodities and Supplies","ORS provision",FALSE,FALSE,FALSE,"MWI",FALSE,"ORS provision"
"Support Services","Commodities and Supplies","Oral Contraceptives",FALSE,FALSE,FALSE,"MWI",FALSE,"Oral Contraceptives"
"Support Services","Commodities and Supplies","Oxytocin",FALSE,FALSE,FALSE,"MWI",FALSE,"Oxytocin"
"Support Services","Commodities and Supplies","Parentel oxytocin",FALSE,FALSE,FALSE,"MWI",FALSE,"Parentel oxytocin"
"Support Services","Commodities and Supplies","Peak flow meters",FALSE,FALSE,FALSE,"MWI",FALSE,"Peak flow meters"
"Support Services","Commodities and Supplies","Pill",FALSE,FALSE,FALSE,"MWI",FALSE,"Pill"
"Support Services","Commodities and Supplies","Pneumococcol vaccine",FALSE,FALSE,FALSE,"MWI",FALSE,"Pneumococcol vaccine"
"Support Services","Commodities and Supplies","Polio vaccine",FALSE,FALSE,FALSE,"MWI",FALSE,"Polio vaccine"
"Support Services","Commodities and Supplies","Polio vaccine diluent",FALSE,FALSE,FALSE,"MWI",FALSE,"Polio vaccine diluent"
"Support Services","Commodities and Supplies","Progesterone only injectable",FALSE,FALSE,FALSE,"MWI",FALSE,"Progesterone only injectable"
"Support Services","Commodities and Supplies","Progesterone oral Contraceptive",FALSE,FALSE,FALSE,"MWI",FALSE,"Progesterone oral Contraceptive"
"Support Services","Commodities and Supplies","Rotavirus",FALSE,FALSE,FALSE,"MWI",FALSE,"Rotavirus"
"Support Services","Commodities and Supplies","Rotavirus Vaccine",FALSE,FALSE,FALSE,"MWI",FALSE,"Rotavirus Vaccine"
"Support Services","Commodities and Supplies","Sodium chloride injection solution",FALSE,FALSE,FALSE,"MWI",FALSE,"Sodium chloride injection solution"
"Support Services","Commodities and Supplies","Tetanus Toxoid",FALSE,FALSE,FALSE,"MWI",FALSE,"Tetanus Toxoid"
"Support Services","Commodities and Supplies","Ulipristal Acetate",FALSE,FALSE,FALSE,"MWI",FALSE,"Ulipristal Acetate"
"Support Services","Commodities and Supplies","ZINC",FALSE,FALSE,FALSE,"MWI",FALSE,"ZINC"
"Support Services","Commodities and Supplies","Zinc supplimentation",FALSE,FALSE,FALSE,"MWI",FALSE,"Zinc supplimentation"
"Support Services","Equipment and Infrastructure","Assay kit for CD4 count testing",FALSE,FALSE,FALSE,"MWI",FALSE,"Assay kit for CD4 count testing"
"Support Services","Equipment and Infrastructure","Auto disposable Syringes",FALSE,FALSE,FALSE,"MWI",FALSE,"Auto disposable Syringes"
"Support Services","Equipment and Infrastructure","Auto disposable syringes",FALSE,FALSE,FALSE,"MWI",FALSE,"Auto disposable syringes"
"Support Services","Equipment and Infrastructure","Auto-disable syringes",FALSE,FALSE,FALSE,"MWI",FALSE,"Auto-disable syringes"
"Support Services","Equipment and Infrastructure","Bin",FALSE,FALSE,FALSE,"MWI",FALSE,"Bin"
"Support Services","Equipment and Infrastructure","Biochemistry analyser for kidney and liver function",FALSE,FALSE,FALSE,"MWI",FALSE,"Biochemistry analyser for kidney and liver function"
"Support Services","Equipment and Infrastructure","Centrifuge",FALSE,FALSE,FALSE,"MWI",FALSE,"Centrifuge"
"Support Services","Equipment and Infrastructure","Centrifuge and cross match",FALSE,FALSE,FALSE,"MWI",FALSE,"Centrifuge and cross match"
"Support Services","Equipment and Infrastructure","Disinfectant",FALSE,FALSE,FALSE,"MWI",FALSE,"Disinfectant"
"Support Services","Equipment and Infrastructure","Disposable gloves",FALSE,FALSE,FALSE,"MWI",FALSE,"Disposable gloves"
"Support Services","Equipment and Infrastructure","Disposable syringes",FALSE,FALSE,FALSE,"MWI",FALSE,"Disposable syringes"
"Support Services","Equipment and Infrastructure","Feeding tubes",FALSE,FALSE,FALSE,"MWI",FALSE,"Feeding tubes"
"Support Services","Equipment and Infrastructure","Fluorescence microscope available and functional",FALSE,FALSE,FALSE,"MWI",FALSE,"Fluorescence microscope available and functional"
"Support Services","Equipment and Infrastructure","Functional ECG",FALSE,FALSE,FALSE,"MWI",FALSE,"Functional ECG"
"Support Services","Equipment and Infrastructure","Functional assay automated systems for HIV viral load",FALSE,FALSE,FALSE,"MWI",FALSE,"Functional assay automated systems for HIV viral load"
"Support Services","Equipment and Infrastructure","Functional biochemistry analyzer",FALSE,FALSE,FALSE,"MWI",FALSE,"Functional biochemistry analyzer"
"Support Services","Equipment and Infrastructure","Functional diagnostic centrifuge",FALSE,FALSE,FALSE,"MWI",FALSE,"Functional diagnostic centrifuge"
"Support Services","Equipment and Infrastructure","Functional haematology analyzer",FALSE,FALSE,FALSE,"MWI",FALSE,"Functional haematology analyzer"
"Support Services","Equipment and Infrastructure","Glass slides and cover slips",FALSE,FALSE,FALSE,"MWI",FALSE,"Glass slides and cover slips"
"Support Services","Equipment and Infrastructure","Glucometer",FALSE,FALSE,FALSE,"MWI",FALSE,"Glucometer"
"Support Services","Equipment and Infrastructure","Glucometer test strips",FALSE,FALSE,FALSE,"MWI",FALSE,"Glucometer test strips"
"Support Services","Equipment and Infrastructure","Hand sanitiser",FALSE,FALSE,FALSE,"MWI",FALSE,"Hand sanitiser"
"Support Services","Equipment and Infrastructure","Hand washing soap",FALSE,FALSE,FALSE,"MWI",FALSE,"Hand washing soap"
"Support Services","Equipment and Infrastructure","Hand waship soap",FALSE,FALSE,FALSE,"MWI",FALSE,"Hand waship soap"
"Support Services","Equipment and Infrastructure","Laptop for mtb testing",FALSE,FALSE,FALSE,"MWI",FALSE,"Laptop for mtb testing"
"Support Services","Equipment and Infrastructure","Medical devices",FALSE,FALSE,FALSE,"MWI",FALSE,"Medical devices"
"Support Services","Equipment and Infrastructure","Needle holders",FALSE,FALSE,FALSE,"MWI",FALSE,"Needle holders"
"Support Services","Equipment and Infrastructure","Neonatal sucntion bulb single use/multiuse",FALSE,FALSE,FALSE,"MWI",FALSE,"Neonatal sucntion bulb single use/multiuse"
"Support Services","Equipment and Infrastructure","Pipettes",FALSE,FALSE,FALSE,"MWI",FALSE,"Pipettes"
"Support Services","Equipment and Infrastructure","Power source",FALSE,FALSE,FALSE,"MWI",FALSE,"Power source"
"Support Services","Equipment and Infrastructure","Reagent for FBC",FALSE,FALSE,FALSE,"MWI",FALSE,"Reagent for FBC"
"Support Services","Equipment and Infrastructure","Refridgerator",FALSE,FALSE,FALSE,"MWI",FALSE,"Refridgerator"
"Support Services","Equipment and Infrastructure","Refridgerator temperature monitoring",FALSE,FALSE,FALSE,"MWI",FALSE,"Refridgerator temperature monitoring"
"Support Services","Equipment and Infrastructure","Refrigerator for storing blood",FALSE,FALSE,FALSE,"MWI",FALSE,"Refrigerator for storing blood"
"Support Services","Equipment and Infrastructure","Retractor",FALSE,FALSE,FALSE,"MWI",FALSE,"Retractor"
"Support Services","Equipment and Infrastructure","Running water",FALSE,FALSE,FALSE,"MWI",FALSE,"Running water"
"Support Services","Equipment and Infrastructure","Shaprs Container",FALSE,FALSE,FALSE,"MWI",FALSE,"Shaprs Container"
"Support Services","Equipment and Infrastructure","Sharp container",FALSE,FALSE,FALSE,"MWI",FALSE,"Sharp container"
"Support Services","Equipment and Infrastructure","Skin disinfectant",FALSE,FALSE,FALSE,"MWI",FALSE,"Skin disinfectant"
"Support Services","Equipment and Infrastructure","Sucntion bulb single use",FALSE,FALSE,FALSE,"MWI",FALSE,"Sucntion bulb single use"
"Support Services","Equipment and Infrastructure","Suction Pump and catheter",FALSE,FALSE,FALSE,"MWI",FALSE,"Suction Pump and catheter"
"Support Services","Equipment and Infrastructure","Sunction bulb multiuse",FALSE,FALSE,FALSE,"MWI",FALSE,"Sunction bulb multiuse"
"Support Services","Equipment and Infrastructure","Surgical Blades",FALSE,FALSE,FALSE,"MWI",FALSE,"Surgical Blades"
"Support Services","Equipment and Infrastructure","Surgical Scissors",FALSE,FALSE,FALSE,"MWI",FALSE,"Surgical Scissors"
"Support Services","Equipment and Infrastructure","Tourniquet",FALSE,FALSE,FALSE,"MWI",FALSE,"Tourniquet"
"Support Services","Equipment and Infrastructure","Vaccine storage",FALSE,FALSE,FALSE,"MWI",FALSE,"Vaccine storage"
"Support Services","Guidelines and Job Aids","ANC guidelines",FALSE,FALSE,FALSE,"MWI",FALSE,"ANC guidelines"
"Support Services","Guidelines and Job Aids","ANC job aid",FALSE,FALSE,FALSE,"MWI",FALSE,"ANC job aid"
"Support Services","Guidelines and Job Aids","Cardiovascular disease management guidelines",FALSE,FALSE,FALSE,"MWI",FALSE,"Cardiovascular disease management guidelines"
"Support Services","Guidelines and Job Aids","Guidleines for Management of Obstetric Complications",FALSE,FALSE,FALSE,"MWI",FALSE,"Guidleines for Management of Obstetric Complications"
"Support Services","Guidelines and Job Aids","Guidleines for blood transfusion",FALSE,FALSE,FALSE,"MWI",FALSE,"Guidleines for blood transfusion"
"Support Services","Guidelines and Job Aids","HIV-AIDS national guidelines",FALSE,FALSE,FALSE,"MWI",FALSE,"HIV-AIDS national guidelines"
"Support Services","Guidelines and Job Aids","IMCI Guidelines",FALSE,FALSE,FALSE,"MWI",FALSE,"IMCI Guidelines"
"Support Services","Guidelines and Job Aids","IPT guidelines",FALSE,FALSE,FALSE,"MWI",FALSE,"IPT guidelines"
"Support Services","Guidelines and Job Aids","Infant and young child feeding last 2 years",FALSE,FALSE,FALSE,"MWI",FALSE,"Infant and young child feeding last 2 years"
"Support Services","Guidelines and Job Aids","MDR TB guidelines",FALSE,FALSE,FALSE,"MWI",FALSE,"MDR TB guidelines"
"Support Services","Guidelines and Job Aids","National ART guidelines",FALSE,FALSE,FALSE,"MWI",FALSE,"National ART guidelines"
"Support Services","Guidelines and Job Aids","National STI guidelines",FALSE,FALSE,FALSE,"MWI",FALSE,"National STI guidelines"
"Support Services","Guidelines and Job Aids","National guidelines for Cervical cancer",FALSE,FALSE,FALSE,"MWI",FALSE,"National guidelines for Cervical cancer"
"Support Services","Guidelines and Job Aids","National guidelines for Surgical care",FALSE,FALSE,FALSE,"MWI",FALSE,"National guidelines for Surgical care"
"Support Services","Guidelines and Job Aids","National guidelines for TB- MDR",FALSE,FALSE,FALSE,"MWI",FALSE,"National guidelines for TB- MDR"
"Support Services","Guidelines and Job Aids","Obstetric Guidelines",FALSE,FALSE,FALSE,"MWI",FALSE,"Obstetric Guidelines"
"Support Services","Guidelines and Job Aids","Obstetric Job aid",FALSE,FALSE,FALSE,"MWI",FALSE,"Obstetric Job aid"
"Support Services","Guidelines and Job Aids","Obstetrics Job aid in maternal and neonatal care",FALSE,FALSE,FALSE,"MWI",FALSE,"Obstetrics Job aid in maternal and neonatal care"
"Support Services","Guidelines and Job Aids","Palliative care guidelines",FALSE,FALSE,FALSE,"MWI",FALSE,"Palliative care guidelines"
"Support Services","Guidelines and Job Aids","TB Guideliness",FALSE,FALSE,FALSE,"MWI",FALSE,"TB Guideliness"
"Support Services","Guidelines and Job Aids","TB infection control guidelines",FALSE,FALSE,FALSE,"MWI",FALSE,"TB infection control guidelines"
"Support Services","Staff Training Records","IMEESC trained staff",FALSE,FALSE,FALSE,"MWI",FALSE,"IMEESC trained staff"
"Support Services","Staff Training Records","Staff trained  in vaccine management",FALSE,FALSE,FALSE,"MWI",FALSE,"Staff trained  in vaccine management"
"Support Services","Staff Training Records","Staff trained in  management of complicated Obstetric Cases",FALSE,FALSE,FALSE,"MWI",FALSE,"Staff trained in  management of complicated Obstetric Cases"
"Support Services","Staff Training Records","Staff trained in ANC last 2 years",FALSE,FALSE,FALSE,"MWI",FALSE,"Staff trained in ANC last 2 years"
"Support Services","Staff Training Records","Staff trained in ART in last 2 years",FALSE,FALSE,FALSE,"MWI",FALSE,"Staff trained in ART in last 2 years"
"Support Services","Staff Training Records","Staff trained in Caesarain section",FALSE,FALSE,FALSE,"MWI",FALSE,"Staff trained in Caesarain section"
"Support Services","Staff Training Records","Staff trained in Cervical cancer prevention and control",FALSE,FALSE,FALSE,"MWI",FALSE,"Staff trained in Cervical cancer prevention and control"
"Support Services","Staff Training Records","Staff trained in HIV-AIDS clinical management",FALSE,FALSE,FALSE,"MWI",FALSE,"Staff trained in HIV-AIDS clinical management"
"Support Services","Staff Training Records","Staff trained in HIV-AIDS prevention",FALSE,FALSE,FALSE,"MWI",FALSE,"Staff trained in HIV-AIDS prevention"
"Support Services","Staff Training Records","Staff trained in HIV-TB coinfection",FALSE,FALSE,FALSE,"MWI",FALSE,"Staff trained in HIV-TB coinfection"
"Support Services","Staff Training Records","Staff trained in IPT last 2 years",FALSE,FALSE,FALSE,"MWI",FALSE,"Staff trained in IPT last 2 years"
"Support Services","Staff Training Records","Staff trained in MDR TB",FALSE,FALSE,FALSE,"MWI",FALSE,"Staff trained in MDR TB"
"Support Services","Staff Training Records","Staff trained in PMTCT last 2 years",FALSE,FALSE,FALSE,"MWI",FALSE,"Staff trained in PMTCT last 2 years"
"Support Services","Staff Training Records","Staff trained in STI diagnosis and management",FALSE,FALSE,FALSE,"MWI",FALSE,"Staff trained in STI diagnosis and management"
"Support Services","Staff Training Records","Staff trained in STI last 2 years",FALSE,FALSE,FALSE,"MWI",FALSE,"Staff trained in STI last 2 years"
"Support Services","Staff Training Records","Staff trained in TB Infection control",FALSE,FALSE,FALSE,"MWI",FALSE,"Staff trained in TB Infection control"
"Support Services","Staff Training Records","Staff trained in TB Management",FALSE,FALSE,FALSE,"MWI",FALSE,"Staff trained in TB Management"
"Support Services","Staff Training Records","Staff trained in TB Treatment",FALSE,FALSE,FALSE,"MWI",FALSE,"Staff trained in TB Treatment"
"Support Services","Staff Training Records","Staff trained in VCT",FALSE,FALSE,FALSE,"MWI",FALSE,"Staff trained in VCT"
"Support Services","Staff Training Records","Staff trained in anaesthesia",FALSE,FALSE,FALSE,"MWI",FALSE,"Staff trained in anaesthesia"
"Support Services","Staff Training Records","Staff trained in blood transfusion last 2 years",FALSE,FALSE,FALSE,"MWI",FALSE,"Staff trained in blood transfusion last 2 years"
"Support Services","Staff Training Records","Staff trained in cardiovascular diseases",FALSE,FALSE,FALSE,"MWI",FALSE,"Staff trained in cardiovascular diseases"
"Support Services","Staff Training Records","Staff trained in disease surveillance",FALSE,FALSE,FALSE,"MWI",FALSE,"Staff trained in disease surveillance"
"Support Services","Staff Training Records","Staff trained in infant and young child feeding last 2 years",FALSE,FALSE,FALSE,"MWI",FALSE,"Staff trained in infant and young child feeding last 2 years"
"Support Services","Staff Training Records","Staff trained in injection safety",FALSE,FALSE,FALSE,"MWI",FALSE,"Staff trained in injection safety"
"Support Services","Staff Training Records","Staff trained in surgery",FALSE,FALSE,FALSE,"MWI",FALSE,"Staff trained in surgery"
"Support Services","Staff Training Records","staff trained in monitoring",FALSE,FALSE,FALSE,"MWI",FALSE,"staff trained in monitoring"
"Support Services","Supply Chain Records","BCG vaccine stock out",FALSE,FALSE,FALSE,"MWI",FALSE,"BCG vaccine stock out"
"Support Services","Supply Chain Records","Blood stock outs",FALSE,FALSE,FALSE,"MWI",FALSE,"Blood stock outs"
"Support Services","Supply Chain Records","Days with stock out",FALSE,FALSE,FALSE,"MWI",FALSE,"Days with stock out"
"Support Services","Supply Chain Records","Measles vaccine stock out",FALSE,FALSE,FALSE,"MWI",FALSE,"Measles vaccine stock out"
"Support Services","Supply Chain Records","Pentavalet vaccine stock out",FALSE,FALSE,FALSE,"MWI",FALSE,"Pentavalet vaccine stock out"
"Support Services","Supply Chain Records","Penuomoccocal vaccine stock out",FALSE,FALSE,FALSE,"MWI",FALSE,"Penuomoccocal vaccine stock out"
"Support Services","Supply Chain Records","Polio vaccine stock out",FALSE,FALSE,FALSE,"MWI",FALSE,"Polio vaccine stock out"
"Support Services","Supply Chain Records","RDTS stock out",FALSE,TRUE,FALSE,"MWI",FALSE,"RDTS stock out"
"Support Services","Supply Chain Records","Rota vaccine stock out",FALSE,FALSE,FALSE,"MWI",FALSE,"Rota vaccine stock out"
"Support Services","Support Services","Acredited microscopist",FALSE,FALSE,FALSE,"MWI",FALSE,"Acredited microscopist"
"Support Services","Support Services","Anaesthetist",FALSE,FALSE,FALSE,"MWI",FALSE,"Anaesthetist"
"Support Services","Support Services","Ash Pit",FALSE,FALSE,FALSE,"TZA",FALSE,"Ash Pit"
"Support Services","Support Services","Dispensing room",FALSE,FALSE,FALSE,"MWI",FALSE,"Dispensing room"
"Support Services","Support Services","Female Staff Toilets (2WCs)",FALSE,FALSE,FALSE,"TZA",FALSE,"Female Staff Toilets (2WCs)"
"Support Services","Support Services","Incinerator",FALSE,FALSE,FALSE,"TZA",FALSE,"Incinerator"
"Support Services","Support Services","Kitchen Services",FALSE,FALSE,FALSE,"TZA",FALSE,"Kitchen Services"
"Support Services","Support Services","Laundry Services",FALSE,FALSE,FALSE,"TZA",FALSE,"Laundry Services"
"Support Services","Support Services","Male Staff Toilets (2WCs)",FALSE,FALSE,FALSE,"TZA",FALSE,"Male Staff Toilets (2WCs)"
"Support Services","Support Services","Maternal Deaths",FALSE,FALSE,FALSE,"MWI",FALSE,"Maternal Deaths"
"Support Services","Support Services","Mortuary Services",FALSE,FALSE,FALSE,"TZA",FALSE,"Mortuary Services"
"Support Services","Support Services","Office for In-Charge Officer",FALSE,FALSE,FALSE,"TZA",FALSE,"Office for In-Charge Officer"
"Support Services","Support Services","Outside pit Latrine",FALSE,FALSE,FALSE,"TZA",FALSE,"Outside pit Latrine"
"Support Services","Support Services","Parking for cars, bicycles",FALSE,FALSE,FALSE,"TZA",FALSE,"Parking for cars, bicycles"
"Support Services","Support Services","Pharmacy",FALSE,FALSE,FALSE,"MWI",FALSE,"Pharmacy"
"Support Services","Support Services","Placenta Pit",FALSE,FALSE,FALSE,"TZA",FALSE,"Placenta Pit"
"Support Services","Support Services","Security Services",FALSE,FALSE,FALSE,"TZA",FALSE,"Security Services"
"Support Services","Support Services","Skilled vaccine  providers",FALSE,FALSE,FALSE,"MWI",FALSE,"Skilled vaccine  providers"
"Support Services","Support Services","Store room",FALSE,FALSE,FALSE,"TZA",FALSE,"Store room"
"Support Services","Support Services","Successiful Deliveries",FALSE,FALSE,FALSE,"MWI",FALSE,"Successiful Deliveries"
"Support Services","Support Services","Toilets for Male Patients",FALSE,FALSE,FALSE,"TZA",FALSE,"Toilets for Male Patients"
"Support Services","Support Services","Toilets for Male Staff",FALSE,FALSE,FALSE,"TZA",FALSE,"Toilets for Male Staff"
"Support Services","Support Services","Toilets for female patients",FALSE,FALSE,FALSE,"TZA",FALSE,"Toilets for female patients"
"Support Services","Support Services","Toilets for female staff",FALSE,FALSE,FALSE,"TZA",FALSE,"Toilets for female staff"
"Support Services","Support Services","Wash Slab",FALSE,FALSE,FALSE,"TZA",FALSE,"Wash Slab"
"Support Services","Support Services","Waste Storage Bay",FALSE,FALSE,FALSE,"TZA",FALSE,"Waste Storage Bay"
"Support Services","Support Services",NA,FALSE,FALSE,FALSE,"TZA",FALSE,"NA"
"Support Services","Therapeutics and Pharmacy","Adult ART - Adult ART Only",TRUE,FALSE,TRUE,"TZA",FALSE,"Adult ART - Adult ART Only"
"Support Services","Therapeutics and Pharmacy","Both Adult and Pediatric",TRUE,FALSE,TRUE,"TZA",FALSE,"Both Adult and Pediatric"
"Support Services","Therapeutics and Pharmacy","Community Mobilization",TRUE,FALSE,TRUE,"TZA",FALSE,"Community Mobilization"
"Support Services","Therapeutics and Pharmacy","Dispensing Room",FALSE,FALSE,FALSE,"TZA",FALSE,"Dispensing Room"
"Support Services","Therapeutics and Pharmacy","HBC - Home and Community Based Care",TRUE,FALSE,TRUE,"TZA",FALSE,"HBC - Home and Community Based Care"
"Support Services","Therapeutics and Pharmacy","HIV/AIDS Care and Treatment",TRUE,FALSE,TRUE,"TZA",FALSE,"HIV/AIDS Care and Treatment"
"Support Services","Therapeutics and Pharmacy","Health promoting hospital innitiative",TRUE,FALSE,TRUE,"TZA",FALSE,"Health promoting hospital innitiative"
"Support Services","Therapeutics and Pharmacy","Pharmacy",FALSE,FALSE,FALSE,"TZA",FALSE,"Pharmacy"
